name,displayName,origin,destination
1,Mission St,"(37.763438, -122.419529)","(37.765052, -122.419689)"
2,North Gate Rd,"(37.813828798901866, -122.36328072834579)","(37.81269629682131, -122.36452325724514)"
3,North Gate Rd,"(37.812700896422186, -122.36133604143113)","(37.81375683152901, -122.36217173325427)"
4,North Gate Rd,"(37.813757, -122.362172)","(37.81382879890186, -122.36328072834587)"